{
  "accuracy": {
    "match_rate_percent": 100.0,
    "matches": 100,
    "mismatches": 0,
    "not_found": 0,
    "sample_size": 100
  },
  "full_pipeline": {
    "duration_secs": 300,
    "throughput_per_sec": 8167480.151027709,
    "total_calls": 2450570167,
    "workers": 10
  },
  "geo_overhead_percent": 8.124933700862746,
  "leader_only": {
    "duration_secs": 300,
    "throughput_per_sec": 8889767.89898045,
    "total_calls": 2667383666,
    "workers": 10
  },
  "timestamp": "2026-02-16T18:49:49.699795+00:00"
}